Text	Label
This is genuinely one of the best I have used	1
Stops working randomly and I have to restart it constantly	0
Great for beginners	1
Everything about this product feels premium and well made	1
Love how well this performs under real conditions	1
Super easy to use and does exactly what I need	1
Very unhappy with how my complaint was completely ignored	0
Packaging is elegant and the product quality is excellent	1
Highly satisfied customer	1
Not perfect but I like it	1
Shockingly bad for a product at this supposed price tier	0
The product arrived broken and getting help was awful	0
Incredibly helpful tool that saves me hours every week	1
I like the features but it crashes often	0
Completely useless and nothing like the description	0
Colors faded after one wash	0
I recommended this to my friend and they love it too	1
Interface is clean intuitive and very easy to navigate	1
"Great product for the price, will definitely buy again"	1
"Kids cried when they saw it, very disappointing gift"	0
Very well designed and intuitive to use	1
Horrible experience overall	0
Cheapest possible materials crammed into deceptive packaging	0
Extremely disappointed	0
Delivery took over three weeks for a standard item	0
Takes forever to charge and the battery barely holds	0
Very slow and sluggish even on a brand new device	0
Characters felt real and I genuinely cared about them	1
Poorly edited with confusing inconsistencies throughout	0
Good performance but poor build quality	0
Looks okay in photos but is absolute garbage in reality	0
I am very disappointed with this purchase	0
Taste was stale and nothing like it smells on the shelf	0
It was not bad at all	1
I hate it	0
"Broke the first time I used it, absolutely terrible"	0
"No breakouts or irritation, works perfectly for me"	1
Way more capable than its price suggests	1
Extremely disappointed with the quality of this item	0
I am very satisfied with my purchase	1
Very impressed with the durability after heavy use	1
This product is really bad	0
Safe for children	1
I immediately regretted opening the box	0
Great quality part that fits and functions exactly right	1
Left the interaction feeling genuinely satisfied	1
"Slow, buggy, and unreliable"	0
"Very poor experience, will not buy from this seller again"	0
Very misleading about what healthy ingredients are inside	0
Nothing works as advertised	0
Connects instantly	1
Rude dismissive and completely unprofessional throughout	0
Does not even come close to meeting basic expectations	0
Processing speed is snappy and handles everything well	1
Too many issues	0
The quality is far superior to anything else I tried	1
Very intuitive and user friendly	1
I regret buying this	0
I am extremely happy with this product	1
Poor quality	0
I keep finding new things to love about this	1
Completely transformed my skin in just a few weeks	1
Terrible	0
Great communication throughout the shipping process	1
Poor in every single aspect of its design and function	0
"Awful in every measurable way, avoid completely"	0
Great speaker output for such a small device	1
"Great value for the price, very impressed"	1
Would never buy this again after trying it once	0
Perfect	1
Drains power like crazy	0
Total disaster	0
Perfect fit and the color is even nicer in person	1
Biggest waste of money I have spent in years	0
Ingredients list is misleading and full of additives	0
"Works quietly and efficiently, very impressed"	1
Absolutely love this	1
Interface is confusing cluttered and very hard to navigate	0
This product broke after just two weeks of light use	0
Already showing signs of wear after only a few uses	0
I love it	1
"Really happy with this, will definitely buy again"	1
Pleasantly surprised by the level of quality	1
App is fast responsive and never crashes	1
Looks even better in person than in the photos	1
Excellent	1
Kept me hooked from the very first page to the last	1
Feels incredibly cheap despite the high asking price	0
Works seamlessly with all my other devices	1
Broke quickly	0
Very poor portion size for the extremely high price	0
Light weight formula that feels refreshing and clean	1
Would buy again	1
"Exactly as described, arrived quickly and in great shape"	1
Honestly cannot understand how this gets positive reviews	0
Updates have consistently improved the experience	1
Very cheap build quality that shows immediately	0
Disappointed	0
Absolute trash	0
Package was left in the rain and everything got soaked	0
"Exactly what I was looking for, works perfectly"	1
Incredible value and I would happily pay more for this	1
Gripping plot that kept surprising me at every turn	1
Way too large and clunky to use comfortably	0
Better quality than the original part it replaced	1
Very thoughtful design with great attention to detail	1
Connects to everything instantly with zero issues	1
Disappointed with both the quality and the fit overall	0
"Does not disappoint at all, great experience"	1
Made absolutely no noticeable difference to performance	0
Not worth the price	0
I am really happy with this	1
Worst tasting version of this product I have ever tried	0
Instructions were clear and assembly was straightforward	1
Display is dim and hard to read	0
"Much better than expected, very pleasant surprise"	1
Never buying from this brand again after this experience	0
Some issues but customer support helped a lot	1
The food was terrible	0
Premium experience at a very reasonable price point	1
Audio is crystal clear with deep rich bass	1
This thing is a total game changer for me	1
Regret this purchase	0
Gave it to someone else because I could not stand it	0
Arrived two weeks late with no explanation given	0
Completely unusable on my phone due to constant freezing	0
The smell when I opened the box was really unpleasant	0
My child was completely delighted when they opened it	1
I would give it zero stars if that were an option	0
Shipping was slow and packaging was damaged	0
This is the worst product I have purchased this year	0
"Functionally useless, returned it immediately"	0
A truly wonderful read that I will return to again	1
Slick design and even slicker performance	1
Impressed by how well made this is for the price	1
Fell apart the moment I actually started using it	0
Poorly designed with a frustrating and inconsistent experience	0
This does not match the description on the product page at all	0
Gives me terrible blisters on even short walks	0
Well thought out design with practical useful features	1
Very cheaply made packaging that broke immediately	0
Exceeded all of my expectations in every way	1
Super fast and reliable	1
Charging cable stopped working after two weeks	0
"Returned it the same week, total waste of time and money"	0
Excellent quality ingredients that you can really taste	1
Never had a single issue since the day I bought it	1
I would not recommend this to anyone	0
Poor craftsmanship and materials that feel low grade	0
Absolutely love how well this works every single day	1
It does exactly what I need	1
Camera takes stunning photos in any lighting	1
Onboarding process is smooth and very user friendly	1
High quality materials that feel built to last	1
They handled my return quickly and without any fuss	1
"Completely careless handling, everything was damaged"	0
Comfortable enough to wear all day without any issues	1
Impressed by how carefully everything was wrapped	1
Texture was completely off and very unpleasant to eat	0
Highly recommended to everyone	1
Very effective and a little goes a really long way	1
Beautiful storytelling with vivid and immersive descriptions	1
Not recommend it	0
Takes twice as long as my old appliance to do the same job	0
Uses far more energy than the specifications claim	0
Very poorly fitted and completely unflattering on	0
Works first time every time without any fuss at all	1
Battery life on this device is absolutely incredible	1
Quality is better than expected	1
Highly effective and worth every cent of the price	1
Hate the ugly design and how out of place it looks	0
Works just as well today as the first day I got it	1
Washes and dries beautifully with no shrinkage	1
I have had nothing but problems since I started using this	0
Love how regularly this is updated with new features	1
Wrong item was sent despite my order being very clear	0
Broke me out in a terrible rash almost immediately	0
Ugly and cheap looking	0
Writing style is beautiful and very engaging throughout	1
Every single day I regret spending money on this thing	0
Cheaply made	0
Sturdy and well-built	1
Terrible customer support	0
"Effortlessly good, I cannot imagine using anything else"	1
Well made with no sharp edges or safety concerns	1
"Does not work as advertised, very misleading"	0
"Ten out of ten, this is the best I have owned"	1
The product looks even better in person than in photos	1
The instructions were clear and easy to follow	1
Compact and space-saving	1
Really happy with the build quality and design	1
Impossible to clean and becomes dirty very quickly	0
"Extremely poor quality, definitely not worth it"	0
Incredibly uncomfortable after wearing for less than an hour	0
Not a single complaint after using it every day	1
Completely useless for what I needed it for	0
Satisfied	1
Breaks down constantly and is very unreliable	0
Characters were flat lifeless and completely uninteresting	0
Bluetooth keeps disconnecting every few minutes	0
Exactly the tool I needed to organize my workflow	1
Lightweight and comfortable to carry all day	1
Onboarding process is confusing and very off putting	0
One of the best products I have bought this year	1
Very happy with the texture and overall feel of this	1
My whole family refused to eat it after one bite	0
"Perfect balance of flavors, not too sweet or salty"	1
The quality is much higher than the price suggests	1
Shipping took forever	0
My experience was bad	0
Waste of money	0
My kids love this	1
Very poor quality	0
Top-notch quality and reliability	1
Great value compared to the dealer price for the same part	1
Worth every penny	1
Too underpowered to handle basic everyday tasks	0
Hate it	0
Instructions were confusing and assembly took forever	0
My kids love this and they are very picky eaters	1
Nothing like what I expected from the online photos	0
So good	1
Very good	1
Nothing like it was described in the reviews or blurb	0
I finished it in one sitting and wanted more	1
Very artificial taste that is not even close to natural	0
Almost no product inside for the very high price	0
Do yourself a favour and spend your money elsewhere	0
Setup took only a few minutes and everything worked fine	1
Much worse quality than the original factory part	0
"Returned it the same day, completely unsalvageable"	0
Temperature control is precise	1
Not worth it	0
Five stars all the way	1
Cheap thin material that pulls and snags very easily	0
Really appreciated the follow up after my issue was fixed	1
The performance is outstanding	1
This was a bad decision	0
"Provides almost no support, my joints are suffering"	0
Everything works as expected	1
No learning curve at all	1
"Arrived with a stain already on it, completely unacceptable"	0
"Such a clever and practical design, I love it"	1
Consistently good taste every single time	1
Stopped working after a few days	0
"Brilliant debut, I am eager to read more from this author"	1
Not terrible actually	1
Sound quality is way better than I expected	1
Does not connect reliably to any of my other devices	0
The iphone was brilliant	1
The service was amazing and fast	1
Broke after one use	0
The product stopped working after a day	0
Makes an extremely loud noise constantly while running	0
Cheap flimsy materials that clearly will not last	0
Takes up too much room	0
No issues at all	1
Installation was straightforward thanks to clear instructions	1
Fabric is scratchy uncomfortable and irritates my skin	0
Quality control must be nonexistent at this company	0
No response despite emailing three times in two weeks	0
A total let down from a brand I thought I could trust	0
I cannot believe how quickly this fell apart	0
The quality is worse than expected	0
Looks like a prototype that was never properly finished	0
Texture is perfect and the flavor is spot on	1
Outdated and clunky interface	0
This product is absolutely amazing and I love it	1
"Very easy to install, took less than ten minutes"	1
This thing is awesome	1
Kids cannot put it down and beg to play with it	1
Very honest and transparent throughout the process	1
Horrible	0
Much worse quality than any store brand alternative	0
No follow up at all after promising to get back to me	0
Poor speaker quality for such an expensive device	0
Exactly what I needed and arrived quickly	1
Absolutely no improvement in my skin after two months	0
"I feel cheated by this product, very unhappy"	0
Bad experience	0
"Interface is clean, intuitive, and very responsive"	1
One of the best stories I have read in years	1
I regret buying this product	0
Honestly I should have known better than to buy this	0
A total embarrassment for whoever designed and made this	0
"Solid and reliable, gives me real confidence outdoors"	1
Worst customer service experience I have ever had	0
Felt valued and heard throughout the whole process	1
The customer service team was also very helpful	1
Controls are confusing and poorly labeled	0
I like it	1
Stitching came undone after just one wash	0
Runs without any noise which is a huge plus for me	1
One of the dullest books I have made myself read in years	0
Runs smoothly and quietly even under heavy load	1
"No lasting effect whatsoever, wears off within an hour"	0
Bought three more as gifts for family and friends	1
"Simple, elegant, and effective, love it"	1
Looks good but works badly	0
Fast and efficient	1
After three months of use it is still working perfectly	1
Very patient and knowledgeable representative helped me	1
The colors are vibrant and beautiful	1
This is poor quality and badly made	0
Worst purchase I have made in a very long time	0
My hair has never felt this healthy and strong	1
Best tasting version of this I have ever tried	1
No complaints	1
Well done	1
Tasted spoiled from the very first bite	0
Very poor grip that slips dangerously on wet surfaces	0
I dislike using this product	0
Very flattering cut and true to the size chart	1
I love the new design	1
Fits perfectly in my space	1
Best app in its category by a significant margin	1
Worst purchase ever	0
Very comfortable and does not cause blisters	1
Good value	1
Garbage quality hiding behind decent looking packaging	0
"Screen cracked after a minor drop, very fragile"	0
Fell apart after just a few weeks of regular use	0
Embarrassed to wear this out because of how cheap it looks	0
"Zero issues after long term use, very impressive"	1
Very space efficient and perfect for smaller homes	1
Very difficult and confusing for children to use	0
Major letdown	0
Not what I expected	0
The battery lasts forever	1
An absolute disaster of a product	0
Held up brilliantly through months of rough play	1
Great sound quality	1
What a cool feature	1
Does the job in half the time of my old one	1
The material feels premium	1
Not worth the price at all	0
Every chapter had me wanting to read just one more	1
Feels very cheap and flimsy compared to the price	0
Superb performance	1
Held up perfectly through months of heavy training	1
I only wish I had bought this sooner	1
Does everything it promises and more	1
Color is vibrant and has not faded after washing	1
Not at all what I needed and completely fell short	0
Feels flimsy and fragile	0
Rich world building and deeply engaging storyline	1
Very lightweight without sacrificing any protection	1
Very poor design	0
Fast charging works exactly as advertised	1
Very energy efficient	1
Complete disappointment	0
Love it!	1
Worst app in its category by a very wide margin	0
"Total waste of money, I want a refund immediately"	0
Very poorly written with numerous errors throughout	0
Top notch quality and it really shows in daily use	1
"Very frustrating experience, nothing worked as expected"	0
Non greasy formula that absorbs beautifully into skin	1
This product exceeded my expectations	1
Problem was never resolved despite multiple attempts	0
A disappointment from the very first moment of use	0
Very flimsy material that is already showing wear	0
"It just works, no complaints at all"	1
Plot made no sense and felt completely rushed and lazy	0
Very unstable and gives me no confidence outdoors	0
Smell is completely overpowering and very unpleasant	0
Perfect fit and incredibly comfortable during long runs	1
Major allergic reaction that required medical attention	0
"Solid build quality, does not feel cheap at all"	1
This product is really good	1
Contains ingredients I specifically said I was allergic to	0
Friendly staff who genuinely cared about my issue	1
The performance is super slow	0
Too complicated for average users	0
Responsive and accurate	1
Terrible build quality	0
Exactly the right weight for the season	1
Easy to set up and use	1
Battery charges fast	1
Excellent toy that sparks creativity and imagination	1
Terrible gift that has sat unused since the first day	0
Arrived ahead of schedule	1
Fell apart completely after just a few days of play	0
Does the job brilliantly and looks great doing it	1
Support was unavailable for days when I urgently needed help	0
Has become an essential part of my daily skincare routine	1
Packaging keeps everything fresh for a long time	1
Outstanding performance for the price I paid	1
Does not absorb properly and leaves a sticky residue	0
My child was bored and uninterested within moments	0
Would not recommend this even to someone with very low standards	0
Soaked through completely in the first light shower	0
Will be recommending this to everyone I know	1
Great material that breathes well in warm weather	1
Completely useless	0
This is actually quite nice	1
Customer service was rude and completely unhelpful	0
Not perfect but overall a good experience	1
Nothing works as expected	0
Received completely the wrong size despite ordering correctly	0
"Practical, effective, and genuinely enjoyable to use"	1
One star is too generous	0
Nothing about this product works the way it should	0
Battery drains completely within just a few hours	0
Disappointed does not begin to describe how I feel	0
Performs terribly under real world outdoor conditions	0
"Simple to operate and clean, works perfectly every time"	1
Not suitable for the use case it was advertised for	0
"Wrong size, doesn't fit"	0
Terrible quality and clearly not fresh at all	0
"Not worth the money at any price, avoid this"	0
Completely failed to solve my simple problem	0
Not terrible	1
No lag at all even when running multiple apps	1
Hate everything about it	0
Arrived fresh and well sealed with no damage	1
Color completely faded after just one wash cycle	0
Keeps my kids engaged for hours without any issues	1
Great value for money	1
Overall a terrible purchase	0
Has saved me so much time and stress every week	1
It does not do what I need	0
I keep recommending this to all my friends and coworkers	1
Durable construction that holds up well to intense use	1
"Bruh, what that"	0
Instructions were confusing and unclear	0
Long lasting effect that keeps working throughout the day	1
Shipping was fast and packaging was very secure	1
This saves me so much time every day	1
The noise cancellation does absolutely nothing useful	0
Not great but usable	0
Uncomfortable and awkward grip	0
Very poor quality and started breaking immediately	0
Fell apart quickly	0
"Terrible product for the price, would not buy again"	0
I enjoy using this product	1
"The best in its class, I have tried several others"	1
Stopped caring about it after it failed on day one	0
Very poor craftsmanship and low quality materials	0
Laggy and unresponsive	0
"Works perfectly with my vehicle, no issues at all"	1
Not fit for purpose in any way at any price	0
"Needs to be recalled, it is that poorly made"	0
"Wow, I did not expect it to be this good honestly"	1
After months of daily use it still works like new	1
Completely disappointed	0
I keep recommending this to all my friends	1
Temperature is all over the place	0
Great flavor and perfect for everyday cooking	1
I have been using it for months with no problems	1
This has become my go to and I cannot live without it	1
This is the best app ever	1
Became a staple in my kitchen almost immediately	1
Cheap plastic feel	0
Thought provoking and deeply moving from start to finish	1
Looks and feels more like a cheap costume than clothing	0
Fastest delivery I have ever experienced from any store	1
I am happy with what I received	1
"Works perfectly right out of the box, no issues"	1
Very poorly designed with no useful practical features	0
Delivered to wrong address and impossible to recover	0
It is just okay not great	0
No delays and arrived in pristine packaging	1
Arrived two days early and perfectly packaged	1
Slow and frustrating	0
Durable and long-lasting	1
"Never again, this was a complete and utter waste"	0
They made what could have been stressful very easy	1
Never been this happy with an online purchase before	1
No communication at all during the entire shipping process	0
Was told nothing could be done and was hung up on	0
Staff were unhelpful and clearly did not care at all	0
Would absolutely purchase this brand again	1
"Failed completely in light rain, not waterproof at all"	0
This software is super cool	1
Complete disappointment from start to finish	0
Very impatient representative who interrupted me constantly	0
Very cheaply made and clearly not built to last at all	0
Highly recommend this to anyone looking for quality	1
"Overcomplicated, unreliable, and completely not worth it"	0
Simple to set up and easy to use every day	1
Significantly worse than much cheaper alternatives	0
The quality is shockingly poor for the price charged	0
I would definitely buy this again	1
Constant noise even when supposedly in standby mode	0
Resolved everything on the first call with no hassle	1
One of those rare books that stays with you long after	1
Very well made and does the job exactly as described	1
Excellent customer service	1
It overheats after just a few minutes of use	0
Dies within an hour	0
"Absolutely worth the investment, no regrets whatsoever"	1
Syncing across devices works perfectly every time	1
Cheap materials that fell apart almost immediately	0
"Highly recommended, great value"	1
A very smart buy that I am thrilled I made	1
Felt like the author gave up halfway through the story	0
Not bad	1
Constant lagging and freezing makes it unusable	0
Not worth the money given how quickly it deteriorated	0
Just the right size and weight for everyday carrying	1
Causes blisters immediately no matter what socks I wear	0
Too many problems to ignore	0
Wrong part was sent despite me providing correct details	0
Terrible performance and bad support	0
Best sports gear I have purchased in a long time	1
Package arrived completely crushed and badly damaged	0
Cannot fault this product in any way	1
Terrible performance nowhere close to what was advertised	0
Wastes more of my time than it actually saves me	0
Heavy and difficult to move	0
Far too heavy and bulky for actual active use	0
The design is beautiful and practical	1
Taste is absolutely delicious and very authentic	1
"Nothing like what was advertised, very misleading photos"	0
Highly recommend this to any fan of the genre	1
After one week it completely stopped working	0
Empty story with no depth or meaningful character development	0
The design is unique and I get lots of compliments	1
Terrible quality fabric that feels like it will not last	0
Spent more time troubleshooting it than actually using it	0
Really nice	1
I am so glad I finally tried this after hesitating	1
Would never recommend this to anyone I care about	0
Fantastic quality and worth every single penny	1
No flavor whatsoever despite the bold claims on the label	0
Deeply disappointing ending that undermined everything before	0
I was skeptical at first but I am now a true believer	1
Overpriced garbage	0
Terrible pacing that made it feel like a chore to finish	0
Shoddy workmanship that is immediately visible	0
Constant errors and glitches	0
Complete breakout after just three days of use	0
Very harsh formula that really irritated my sensitive skin	0
Setup took less than five minutes and everything worked	1
Outstanding product quality	1
Impressed by how efficiently my complaint was handled	1
It takes forever to do a task that should be simple	0
App crashes constantly and loses all my unsaved data	0
Nothing works as it should on this product	0
Does not work	0
Weak and ineffective	0
Even my kids noticed how bad and cheap this felt	0
Size was accurate and fit me perfectly right away	1
Does everything it promises and then some	1
Way too small and a very real choking hazard for toddlers	0
Works like a charm	1
"Five stars, nothing negative to say about this"	1
The buttons stopped responding after one week	0
Pleasant to use every day and never causes any frustration	1
Best product I have found for my skin type	1
Very poor quality part that started leaking immediately	0
No updates in over a year and it shows clearly	0
"Premium feel for the price, very impressed"	1
Very difficult to install and instructions were useless	0
Terrible and went straight in the bin after one taste	0
Far too flimsy to stand up to any regular daily use	0
Size was way off and nothing like the size guide	0
Way too salty and completely overpowering in flavor	0
Smooth operation and zero problems so far	1
Fails at its one basic job consistently	0
What a joke	0
Made of very cheap materials that will definitely fail soon	0
Works perfectly every time	1
"Could not get past the first three chapters, extremely boring"	0
I have seen better quality from discount bargain stores	0
Very pleased with this	1
Very shallow plot that never develops into anything worthwhile	0
My family refuses to use it	0
Shrank dramatically after the very first wash	0
Battery life is decent and performance is smooth	1
Absolutely delighted with this from start to finish	1
Quick response and a fair resolution to my issue	1
Waited over two weeks with absolutely no response	0
This made my life much easier	1
The whole experience from buying to using has been great	1
Terrible experience from order to delivery	0
Really impressive	1
Looks nothing like the product photos on the listing	0
Instructions were confusing and poorly written	0
Looks great in my home and works even better	1
Quick dispatch and smooth delivery from start to finish	1
"Gave up halfway through, waste of time and money"	0
Went above and beyond what I paid for	1
"Love the quality, way better than the competition"	1
Worst ever	0
It completely failed my expectations	0
Exactly the kind of story I had been looking for	1
Works much better than the expensive brand I used before	1
Full of flavor with none of the artificial aftertaste	1
Best purchase I have made this year	1
Steep learning curve	0
Hate how this has affected my car negatively	0
Shipping cost was high but service was very slow	0
Very responsive and solved my problem immediately	1
I am genuinely impressed with this product every single day	1
Looks and feels more expensive than it actually was	1
Grip is excellent on all kinds of terrain and surfaces	1
"Tastes nothing like the description, very disappointed"	0
Very convenient and still tastes homemade	1
Truly dreadful quality with absolutely no redeeming features	0
Far better than the pictures suggest honestly	1
Keeps my kids busy for about five minutes at most	0
"Do not waste your money on this, it is terrible"	0
Smells amazing and works even better than it smells	1
The product is cheap and reliable	1
One star	0
Love how compact and portable this is to take anywhere	1
Does the job much slower than any comparable product	0
"Strong and well built, feels like it will last"	1
Excellent pacing that never lets your interest drop	1
Issue was resolved quickly and professionally	1
So bad	0
It stopped working completely after the first month	0
"Outstanding product, I could not be more satisfied"	1
This caused more problems than it solved	0
Very well constructed and I expect it to last a long time	1
Extremely comfortable for long periods of wear	1
Absolutely amazing experience	1
A genuine bargain for what you get	1
Item was damaged in transit due to very poor packaging	0
The battery drains so fast it is basically useless	0
The photos are very deceptive compared to reality	0
Gave me nothing but headaches from the very beginning	0
Much better than the previous version I owned	1
Return was refused despite me being clearly in the right	0
It does exactly what it says on the box	1
Great quality and very safe for young children	1
Bluetooth pairing was instant and stays connected	1
"Absolute rubbish, do not believe the positive reviews"	0
Failed immediately	0
Breathes really well even during intense workout sessions	1
Super easy instructions and worked immediately	1
Stopped working correctly after just a few weeks	0
Arrived damaged and getting a refund was a nightmare	0
Very reliable and has never let me down once	1
Significant delays with no updates or apology at all	0
Super smooth performance	1
Not good at all	0
Excellent support that keeps my joints feeling great	1
"Absolutely terrible quality, shocked by how bad this is"	0
This is not worth buying	0
"Buttons fell off immediately, terrible construction"	0
The update fixed all my issues	1
"Charges up incredibly fast, I love this feature"	1
Has dangerous small parts that came loose immediately	0
Very greasy formula that does not absorb at all	0
This product managed to ruin my day from the start	0
My dad liked it	1
I'm very impressed	1
Best customer service experience I have had in a while	1
Interface is confusing and very poorly designed	0
This is an excellent quality item	1
Packaging was thoughtful and protected everything well	1
Easy to learn and very powerful once you get the hang of it	1
Cannot believe this passed quality control	0
Love that it is both fun and genuinely educational	1
Noticed a real difference in texture after just a few days	1
Great gift that both kids and parents really appreciate	1
Stayed dry and comfortable even in heavy rain	1
Nobody should be selling something this inadequate	0
This solved a problem I had been struggling with for a while	1
Very impressed with how well this performs overall	1
Far too large and takes up too much valuable space	0
Too heavy and awkward to carry for more than a minute	0
Delivery driver was friendly and very careful	1
Already falling apart after only a few uses	0
Everything about this is perfect	1
Very well designed with a smooth and pleasant user experience	1
So happy	1
An absolute gem of a product at this price point	1
Waste	0
Received exactly what I ordered in great condition	1
Really solid product	1
Way too expensive for something of this poor quality	0
Tracking updates were accurate and very helpful	1
Comfortable to hold	1
"Smells chemical and artificial, nothing like advertised"	0
I have been using this for months and it still works great	1
Fell apart within days of taking it out of the box	0
Awful	0
The product broke down after just two weeks of light use	0
Best purchase I have ever made without any doubt	1
Updates have consistently made the experience much worse	0
I have read far better from first time writers	0
Best thing I ever bought	1
Customer service team was incredibly helpful and kind	1
Great quality material that feels durable and long lasting	1
Fast shipping and great packaging	1
Arrived in perfect condition exactly as promised	1
Love the compact size without sacrificing performance	1
Genuinely the worst purchase I have made this year	0
Far exceeded the value I expected to get	1
Strong and powerful	1
Good enough to make me a loyal customer going forward	1
Total waste of money	0
The noise cancellation works extremely well	1
Not even close to being worth the asking price	0
Beautiful design	1
Very well engineered and clearly a lot of thought went in	1
Great design that combines function and style perfectly	1
All good	1
Straightforward controls that anyone can figure out quickly	1
Stitching is strong and shows real quality craftsmanship	1
This thing sucks	0
Very uncomfortable and unwearable for any extended activity	0
Very satisfied with this purchase overall	1
Five stars	1
The iphone was terrible	0
Lightweight and portable	1
Unhappy	0
Perfect size and fits exactly where I needed it	1
This product exceeded all of my expectations	1
Caused redness and irritation from the very first use	0
Fantastic quality and great value	1
Camera takes blurry photos even in good lighting	0
Much better quality than the store brand alternatives	1
Terrible toy that stifles rather than sparks creativity	0
"Phenomenal product, will be buying more"	1
"Zero value for money, none whatsoever"	0
I have wasted both money and precious time on this	0
This made my daily routine so much easier	1
Won't connect to my device	0
Love the design and build quality	1
Impressive	1
Reliable performance day in and day out	1
The app crashes frequently and is unusable	0
Tried to return it and was met with more problems	0
Sharp edges that are completely unsafe for young children	0
The interface is sleek and modern	1
I tried everything and it still does not work properly	0
Great features	1
Educational and entertaining at the same time	1
Crashes daily and I keep losing all my important work	0
"Solid and durable, does not feel cheap at all"	1
Exceeded all my expectations	1
"Not as advertised, nothing in the description was accurate"	0
Love how versatile this piece is in my wardrobe	1
Arrived neatly packaged and ready to wear	1
Deeply regret this purchase and have told others to avoid it	0
Support team went above and beyond to help me	1
An excellent purchase that I would make again happily	1
Best purchase I have made in a very long time	1
Has been running perfectly for months now	1
Great range of motion and very flexible design	1
"Ordered it twice hoping the first was a fluke, same problem"	0
Screen is bright and clear	1
Runs like a dream from day one with zero issues	1
I am not disappointed	1
One star is far too generous for this product	0
Great value and the taste is genuinely outstanding	1
Too complex and confusing to learn without a tutorial	0
I am not satisfied	0
Love the modern look and how it fits in my home	1
Incredibly smooth and comfortable every time I use it	1
Very bad	0
Works perfectly in every situation I have tried	1
Failed to meet even the most basic expectations of service	0
Sturdy enough to survive enthusiastic play from toddlers	1
Stylish design that gets compliments everywhere I go	1
I am truly shocked at how poor this really is	0
Completely useless for the workflow I was hoping to build	0
Way below the standard I expect for the cost	0
Display colors are vivid and accurate	1
Packaging was misleading and the product is far inferior	0
Customer service was helpful and polite	1
Worth every cent	1
Does not do what it claims to do at all	0
This exceeded every expectation I had going in	1
Package was secure and nothing was damaged at all	1
The design is ugly and uncomfortable	0
I am unhappy with what I received	0
Great value for the price I paid	1
I do not like it	0
Great portion sizes and very filling for the price	1
Would not recommend this to anyone I care about	0
Energy efficient and has lowered my electricity bill	1
Absolutely wonderful experience	1
The size listed online is not accurate at all	0
Does not fit properly and rattles constantly while driving	0
Arrived with an expiry date that had already passed	0
Results were visible faster than I expected	1
I like it and it works perfectly	1
Skin feels noticeably softer and smoother after one week	1
Very well packed and arrived without any issues	1
Beautiful design and premium feel throughout	1
I do not like it and it is disappointing	0
Very poorly packed with no protection for fragile items	0
So much better than I thought it would be	1
Never received an update or any shipping confirmation	0
Missing key features	0
I have been recommending this non stop since I got it	1
Completely met all my needs and expectations	1
Predictable from beginning to end with no surprises	0
Works perfectly fine	1
Simple design and works well	1
Poorly thought out and even more poorly executed	0
Shipping was much faster than the estimated date	1
Not good	0
Speakers are far too quiet even at maximum volume	0
Ruined my hair after just one application	0
The noise level is unacceptably loud for daily use	0
Camera is amazing but the phone overheats	0
Way too loud and annoying	0
Frustrating to use and not at all enjoyable for kids	0
Does exactly what I need without any unnecessary extras	1
Has made my daily routine so much more convenient	1
I wish I had read the reviews before buying this	0
Fell apart almost immediately despite heavy price tag	0
Does not fit where it claims to fit in the description	0
I am extremely disappointed with the quality of this item	0
Works perfectly right out of the box	1
Worst experience ever	0
This is a waste of time	0
The attention to detail on this product is remarkable	1
"Stopped working after the first month, very frustrating"	0
Very age appropriate and thoughtfully designed	1
Boring characters I had no interest in following at all	0
I had high hopes but it failed badly	0
Highly recommend this to everyone I know	1
Delivery was fast and the item was exactly as listed	1
Completely broken	0
Packaging was fine but the product itself was terrible	0
"No bugs in months of daily use, very stable"	1
Silent operation	1
Performance is consistently fast and reliable	1
Save your money and look for literally anything else	0
Arrived earlier than expected and in great shape	1
Impossible to keep clean	0
Very satisfied with the performance improvement it gave	1
Hopeless product that needs to be redesigned from scratch	0
Works as expected and improved my car performance	1
Regret it	0
Shipping was fast and the item arrived in perfect condition	1
Gentle formula that does not irritate my sensitive skin	1
The worst thing I have ordered online in recent memory	0
Impressive durability even with rough daily use	1
Stopped working randomly and I cannot figure out why	0
"Nothing like the photos, very misleading listing"	0
Customer service refused to help me with my issue	0
Not bad 	1
Easy to clean	1
Worst sports gear I have made the mistake of buying	0
Masterfully crafted with a satisfying and memorable ending	1
Fits perfectly and has worked reliably since day one	1
"Fresh and high quality, exactly what I was hoping for"	1
Extremely frustrating to use	0
Perfect for my needs	1
Highly recommended for everyone	1
Healthy ingredients and genuinely tastes great	1
My kids absolutely love playing with this every day	1
"Immediately noticed a difference, very impressive"	1
Style looks completely different from the product photos	0
Love how natural the ingredients list is	1
Feels like it was made very cheaply and carelessly	0
Amazing	1
My expectations were low but this blew them away	1
Exactly what I needed for my home setup	1
I hate this so much	0
Felt like a burden for simply asking for assistance	0
Setup was easy and everything runs smoothly	1
Looks good but completely fails in actual performance	0
A product that actually does exactly what it promises	1
I should have trusted my instincts and not bought this	0
Very restrictive with almost no range of comfortable motion	0
My headphones worked	1
Very happy with the purchase	1
Great job on this update	1
Happy with the performance after several months of use	1
Seams split after only a handful of training sessions	0
Runs very small despite following the size guide exactly	0
Happy with how smoothly everything was resolved	1
The performance is awful	0
Do not recommend	0
Completely unwearable and has gone straight in the bin	0
Very dismissive and showed no interest in helping me	0
The design is great but the battery is awful	0
The product is very reliable	1
Barely functional and completely overpriced for what it is	0
The product is unreliable	0
Takes forever to warm up	0
I am not happy with this	0
The instructions were confusing and poorly written	0
The product makes a strange noise whenever it is running	0
Build quality feels really premium for this price range	1
Came with everything I needed	1
Delivered ahead of schedule and in perfect condition	1
Takes hours to charge	0
Works great	1
"Sturdy and durable, expect it to last for years"	1
Works flawlessly across all of my devices	1
"Absolutely love using this, it puts a smile on my face"	1
My skin has actually gotten worse since I started using it	0
My kids lost interest in this within about fifteen minutes	0
Fast delivery and exactly as described in the listing	1
Installation was a nightmare and took half a day	0
Does not fit my vehicle despite being listed as compatible	0
Completely ineffective and not worth the high price	0
Polite professional and very effective service	1
Broke while I was still reading the instructions	0
Brilliantly written with complex and believable characters	1
I have had nothing but problems with this product	0
Had to throw it away after just one week	0
Pretty good	1
Extremely unreliable and frustrating	0
My whole family loves this product	1
Full of unnecessary features that clutter the interface	0
Very easy to clean and maintain after every use	1
Was excited when it arrived but quickly disappointed	0
"Love the natural scent, not overpowering at all"	1
"Transformed how my kitchen functions, love it"	1
Writing is stilted wooden and very hard to engage with	0
Powerful enough to handle everything I throw at it	1
Easy to install and made an immediate noticeable difference	1
"Screen is sharp, bright, and gorgeous to look at"	1
Top quality gear that has improved my performance	1
Works flawlessly	1
My headset don't work	0
Great ingredients that are kind to my skin	1
Performance is rock solid day after day	1
Poorly designed and clearly not tested before release	0
Overall a great purchase	1
Thumbs up	1
Device overheats after just minutes of use	0
This was a good decision	1
Exceptional quality	1
An insult to customers who expect basic quality	0
Support was available exactly when I needed them	1
A complete waste of time and hard earned money	0
Happy customer	1
Durable construction that feels like it will last years	1
This is awesome stuff	1
Missing essential parts	0
Sound is tinny and distorted at any volume	0
Customer service was unresponsive	0
"Does its job quietly and without fuss, love that"	1
"Could not put this book down, absolutely captivating"	1
Incredibly reliable and consistent every time	1
Not remotely age appropriate for the advertised age range	0
"Sturdy and well built, I expect it to last years"	1
Poor customer support	0
The product works exactly as described	1
Incredibly tasty and easy to prepare quickly	1
Very sturdy and stands up well to heavy daily use	1
Does not function as described in the listing at all	0
"Returned it within days, completely unsatisfied"	0
Exceeded my expectations in terms of service quality	1
Perfect size and easy for little hands to use	1
No noticeable improvement even after using for weeks	0
Completely non functional out of the box already	0
Customer service was very helpful	1
Audio is muffled and distorted	0
The performance is genuinely remarkable for this price	1
Very difficult to install despite claiming otherwise	0
I liked it	1
The quality is poor	0
Feels very plasticky and cheap despite the price	0
Very disappointed with how it performed in real use	0
Pretty solid overall	1
Has made my skin noticeably worse over time	0
Love everything about it	1
A very forgettable read that I already cannot remember	0
Fits perfectly and looks exactly like the photos	1
Fabric is incredibly soft and very comfortable	1
I expected much better for this price point	0
Gets way too hot and humid during any moderate exercise	0
"My skin has never looked this good, highly recommend"	1
Love the improvement in handling and overall feel	1
Very frustrated and will be disputing the charge	0
Very reliable product	1
Worth every penny for the performance it delivers	1
Colors on the display are dull and inaccurate	0
Crashes constantly and loses all my data every time	0
Tracking showed it delivered but nothing arrived	0
Arrived in terrible condition and only got worse	0
No good	0
Very disappointed	0
Made me feel like a fool for buying it	0
Arrived damaged and the contents were crushed inside	0
Signal reception is consistently strong everywhere I go	1
Packaging leaked all over everything in the delivery box	0
Fantastic purchase	1
Drops connection constantly even right next to the router	0
Made everything worse and more frustrating to deal with	0
Very dishonest and evasive throughout the whole process	0
Potential safety hazard	0
Left the interaction feeling more frustrated than before	0
Heats up quickly	1
Highly satisfied and would recommend without hesitation	1
Awful quality	0
I really dislike this tool	0
Never buying this again	0
Very intuitive from the very first moment of use	1
So glad I chose this one over the alternatives	1
The worst product of this type I have ever used	0
Performs brilliantly in all weather conditions	1
I followed all the steps but it still does not work	0
I wanted my time and money back after finishing this	0
Stopped working completely after three weeks of use	0
It exceeded my expectations	1
All the reviews must be fake because this is terrible	0
Completely flavorless and very disappointing to eat	0
This product is garbage	0
Syncing between devices fails almost every single time	0
